评论ID,评论时间,评论内容,商品_颜色,评论得分,用户昵称
22778939209,2025-04-01 09:45:26,"舒适程度：佩戴上很舒服。
续航能力：新手表没充电，续航不错。
主要功能：功能很强大，满足使用。
做工质量：很好，相信华为。
外形外观：很帅气，好看！
值得购买，快递很快，有国补，简直太香了。",46mm大表 苍山灰,5,凡***水
22885196645,2025-04-10 10:58:16,"在黑色和灰色之间纠结了好久，
最终选择灰色，因为我是女生，骨骼大，之前黑色的丢失了，灰色更中性化，大表盘配灰色带，很喜欢。
主要功能：血压血氧情绪
续航能力：目前还没充电刚两天
舒适程度：舒服
精准程度：精准
孕妇妈妈的友好，建议开发孕妇功能",46mm大表 苍山灰,5,D***4
22988678422,2025-04-18 10:57:39,这个手表新配色很好看，不错，华为GT5智能手表延续系列优势，采用轻薄金属机身与高清AMOLED屏，质感出众。两周超长续航支持无线快充，搭载精准心率、血氧、睡眠监测功能，新增科学减脂算法。支持100+运动模式与双频GPS定位，配合鸿蒙系统流畅交互，兼顾商务与运动场景，是全能型穿戴优选。,46mm大表 苍山灰,5,帅***爷
22737652121,2025-03-28 10:18:20,物流很快，服务态度很好，华为手表，外观漂亮，去年买的GT4就非常好用，没事检测个睡眠，运动等等，跑步的时候必须带着，看着心率。电池待机时间长，国补买的，满意,46mm大表 苍山灰,5,马***飞
22794820878,2025-04-02 12:55:01,新款GT5真香啊。果然还是新款好。华为手表作为普通运动爱好者来说真的是性价比No1没有比华为性价比更高的了。要么续航不行，要不功能不行。,46mm大表 苍山灰,5,是***啊
23348353756,2025-05-10 11:02:45,"主要功能：运动监测，健康监测，付款，心脏检测 很多&hellip;&hellip;
续航能力：很不错，续航久
舒适程度：佩戴很舒服，也不硌手
外形外观：超好看，一开始就是冲着颜值买单的，佩戴也特别的漂亮，运动风，上手超级好看
做工质量：质量非常的不错，表带很好看",46mm大表 幻夜黑,5,久***_
23493333759,2025-05-18 13:26:31,"华为手表真的超出预期！健康监测功能精准，运动模式丰富，续航也持久，日常使用完全没问题，值得推荐！

买来用了几天，充电方便，数据记录准确，特别适合运动爱好者，性价比很高，满意！

华为手表设计时尚，操作流畅，功能齐全，既能监测健康又能在运动中提供帮助，朋友看到都问链接！

物流速度超快，包装严实，手表运行稳定，功能完全符合描述，用着很顺手，下次还会回购！

对比了好几家选的这款，果然没失望！轻薄耐用，功能强大，日常管理健康和运动都很方便，好评！",46mm大表 苍山灰,5,u***l
23485912586,2025-05-17 21:37:39,早都想买一个华为GT5智能手表，赶上京东有活动，果断入手了！价格很美丽，功能很齐全，是我想要的！华为GT5的外观比大部分同价位手表好看，表壳前端为不锈钢，后盖采用高性能纤维增强复合材料，兼顾轻盈与耐用性，而且待机时间很长！华为GT5搭载了玄玑感知系统，情绪健康开关开启时，静止状态下设备会自动测量压力值、情绪状态及相关特征，佩戴一段时间后，会生成情绪值，我很喜欢！！还有好多功能慢慢研究！是值得推荐一款智能手表！,46mm大表 幻夜黑,5,我***你
23427942039,2025-05-14 22:28:19,隔天收到手表物流速度快，国补需要收货现场激活拍照记录。外观好看精致，搭配的表盘也实用，幻夜黑耐看、运动风格，带电68%，盒里面搭配圆头充电线，这几天看看耗电情况。屏幕显示效果佳，有送表带，是氟橡胶，不会导致皮肤过敏、质地舒服。以前用的是GT4，当天就测试了睡眠、户外跑步和室内跑步，记录很精准，特别是在跑步机上跑步手表的跑步数据，与跑步机上显示的一致。一天下来，体验很不错，先把初步的感受写下来,46mm大表 幻夜黑,5,小***4
23351981884,2025-05-10 13:57:41,"精准程度：华为玄玑感知很灵敏也准确
续航能力：全天候息屏显示续航也能超过一周真的很赞
做工质量：做工精致，使用一周未发现磨损
其他特色：心情表盘有趣可爱
外形外观：黑色很大气，华为的设计很在线
灵敏度：流畅丝滑
满意的一次购买体验，希望越做越好！",46mm大表 幻夜黑,5,j***m
23242993284,2025-05-04 11:06:06,"外形外观：颜值高！屏幕大！待机时间长！全是优点买就完了！
主要功能：玄玑感知系统健康指标监测心率、血氧、呼吸率、压力、体温等功能，重点喜欢情绪健康，熊猫表盘很萌很可爱！运动涂鸦可以根据制定的路线进行运动。
续航能力：续航也很给力，重度使用了一天一夜下降了10%的电量，一星期一充没问题，基本上不用担心续航问题。
舒适程度：舒适程度：戴上轻便不压手 黑色大气，舒适好看，心情好",46mm大表 幻夜黑,5,夏***-
23447596355,2025-05-15 19:53:06,手表真的很不错，刚开始看的 GT5pro 版的，感觉不如 GT5 外观好看，我是男生，虽然新款比老款多了几项功能，潜水说真的没什么必要，我是 80 后，买表主要是用作心率血氧体温睡眠监测这些功能，打电话都无所谓，手机不离手的时代！也看了苹果手表，说真的不如华为，这款待机最少 10 天起，苹果 2 天一大关了！智能手表体验还得是华为🤙！外关，功能，待机，舒适度都很不错！而且价格是真香，国补后 1094 到手价格，京东自营有保障！正品一手货源！大家不要犹豫，1000 元左右的电子手表，我敢说这款性价比最高了！抓紧入吧铁子们，这个价格少去一趟足疗就有了😊,46mm大表 幻夜黑,5,创***宇
23249679362,2025-05-04 19:35:06,"主要功能：使用起来太方便了，主要的功能都有
续航能力：续航能力可以超越官方标注，绝对遥遥领先
舒适程度：带上去很轻松，很适合佩戴
精准程度：不管是各个方面都很精准
其他特色：特色太多了
灵敏度：好的不得了
准确性：准确度没有问题
操作难易：单独操作，APp操作都可以，方便
做工质量：看起来很精致
外形外观：外形漂亮，耐磨性高
其他特色：
情绪检测:很好玩的熊猫，就是因为这个才买了这个手表
运动涂鸦:买了这个手表爱上运动了
产品外观:外观漂亮，不管是哪个年龄段的都适合佩戴",46mm大表 幻夜黑,5,j***k
23561764365,2025-05-22 09:55:42,"外观很耐看，设计简单时尚。超长续航支持无线快充，搭载精准心率、血氧、睡眠监测功能，新增科学減脂算法。这一款智能手表，使用了一段时间功能方便，健康和健身追踪功能实用，准确记录心率、运动数据，助我了解身体状况，科学健身。
电池寿命杠杠的！长时间使用无需频繁充电，对经常忘记充电的我来说，太友好了。
硬件和软件出色，显示效果极佳，看视频、图片都清晰。处理器强大，运行各种应用程序流畅无比。",46mm大表 幻夜黑,5,j***o
23251994500,2025-05-04 22:33:51,"佩戴GT 5的第一天就被它的情绪监测功能惊艳到&mdash;&mdash;加班时手表轻震提醒「压力值升高」，配合呼吸引导，像有个贴心助理在腕间守护健康。运动涂鸦玩法超有趣，跑步轨迹能画出生动图案，让枯燥的运动瞬间变成创意游戏！  
外观上，蓝宝石玻璃镜面+钛金属表圈经受住了钥匙刮蹭考验，健身房器械碰撞也毫无压力，阳光下表盘流光质感依然高级。续航更是惊喜，重度使用一周仍有余电，彻底告别智能手表「一日一充」的焦虑",46mm大表 幻夜黑,5,j***水
23587877892,2025-05-24 12:20:06,华为WATCH GT5的八边形金属表圈设计极具辨识度，316L不锈钢机身+超硬镀膜工艺让手表耐磨抗刮，我这款黑色的配色商务与运动风格兼备，阳光下光泽感十足，佩戴起来高级感满满哟，尤其是搭载的情绪检测功能，哇哦，分析的杠杠滴&hellip;怎么说呢，满意很满意。已经迫不及待想要炫耀喽！,46mm大表 幻夜黑,5,阿***蠢
23213788340,2025-05-02 14:18:45,"给老公选的，收到后手感很好，他很满意👍。这个手表情绪检测，开心，不开心，小熊猫都有变化。这个功能还是挺准的，能比较真实地反映情绪变化✨。
老公喜欢游泳🏊&zwj;♂️，跑步、运动检测功能实时的记录运动的里程和消耗的热量。还能外放听歌。
黑色的外观独特的涉及，精致耐看，表盘灵敏，特别是表带戴上很是舒服。👍👍👍",46mm大表 幻夜黑,5,赖***雨
23386406998,2025-05-12 21:00:52,"这块手表黑色很耐看，设计简单时尚。超长续航支持无线快充，搭载精准心率、血氧、睡眠监测功能，新增科学减脂算法。这一款智能手表，使用了一段时间功能方便，健康和健身追踪功能实用，准确记录心率、运动数据，助我了解身体状况，科学健身。
电池寿命杠杠的！长时间使用无需频繁充电，对经常忘记充电的我来说，太友好了。
硬件和软件出色，显示效果极佳，看视频、图片都清晰。处理器强大，运行各种应用程序流畅无比。",46mm大表 幻夜黑,5,j***c
23197480172,2025-05-01 11:41:54,京东次日达前一天下单，第二天上午就到货了。快递小哥现场帮助开箱验货，也是为了防止国补名额被乱用。和媳妇研究了好几天，最终选定帕托蓝，非常满意外观，质感很棒。那个情绪监测功能非常好，尤其是那个熊猫屏显，非常可爱，孩子看了嚷着要看熊猫。刚激活戴上，同事就来了俩电话，童通话音质非常好，蓝牙信号还是很稳定的。里边功能很多，什么血氧监测、心率监测以及运动功能有待进一步研究，可玩性很高。,46mm大表 托帕蓝,5,j***g
23596437055,2025-05-25 10:47:07,灰色外观看着很高大上，是我喜欢的。搭载了玄机感知系统，功能很齐全，情绪检测、健康检测等等。熊猫主题设计的非常有趣，表带材质氟橡胶，戴上轻便不压手，没有不适应。赶上京东有活动，配合国补优惠了不少，性价比很高，果断的入手了。物流速度很快，服务态度很好，当场配合快递小哥签收激活。很值得推荐的一款手表。,46mm大表 苍山灰,5,3***1
23262602048,2025-05-05 15:03:35,"这一款智能手表，设计精美，雪域白尖尾表带，时尚与科技完美结合。使用一段时间，功能强大，让我爱不释手。
健康和健身追踪功能，是我的心头好。准确记录心率、运动数据，助我了解身体状况，科学健身。💪
电池寿命杠杠的！长时间使用无需频繁充电，对经常忘记充电的我来说，太友好了。🔋
硬件和软件出色，显示效果极佳，看视频、图片都清晰。处理器强大，运行各种应用程序流畅无比。",46mm大表 幻夜黑,5,j***j
23517503028,2025-05-20 07:58:39,"主要功能：功能很强大，体验感很不错
续航能力：充一次电能用一周，很满意
舒适程度：佩戴舒适
精准程度：很好。
其他特色：物流很快。
灵敏度：触摸灵敏
操作难易：操作简单
外形外观：外观很大气上档次
做工质量：非常不错。
其他特色：客服小姐姐特别好，有问题及时沟通解决，推荐给大家。
准确性：使用非常方便，非常准确，很满意。",46mm大表 托帕蓝,5,j***9
23370362834,2025-05-11 19:05:28,这款手表真的很可爱，熊猫主题的设计非常有趣！🎉操作简单直观，质感也非常好。特别适合喜欢可爱风格的朋友们～👍华为手表GT5表盘大气可爱，功能齐全，性价比高，续航能力强，佩戴舒适 ，走时精准，多款多色可选。母亲节购买还有很大优惠，国补力度很大，值得购买。,46mm大表 幻夜黑,5,4***0
23248541648,2025-05-04 18:12:53,今天收到货了，首先手表外表是全新状态，没有出现什么意外，其次，屏幕反应很灵敏，音量也很大，可以自行调节，闹钟也非常不戳，在外边跑了一圈，记录的也很准确，总之，这款手表很不错，本人很喜欢,46mm大表 幻夜黑,5,具***人
23268576994,2025-05-05 22:34:46,华为gt5，这个五一终于下手了。到手现场激活。上手很容易操作，触屏灵敏，很满意。运动距离很准，户外GPS定位很快。心率准。APP里面表盘选择太多，一时竟然不知道选什么好。心情监测很有趣。这个好奇生气的时候小熊猫是什么样子的。满意的一款智能手表。,46mm大表 苍山灰,5,二***四
23262677089,2025-05-05 15:08:12,去年就想买的华为手表，今年终于买到了，跟老婆一人买了一块，外观时尚，怎么搭配都好看，屏幕光滑，运行流畅，耗电量低，带一天电量只掉5、6个点，熊猫🐼很乖，能看到自己的情绪反馈，功能强大，非常好。,46mm大表 幻夜黑,5,一***墨
23602158978,2025-05-25 20:59:44,"这款智能手表简直是太棒了！
情绪监测功能很好用，随时监测自神状态
表面非常耐磨，经久耐用防尘防水
不仅可以听歌还可以接打电话，非常方便。表带材质也很舒适，戴起来很轻盈不压手。⏰功能强大，支持多种运动模式和健康监测，每天都能保持好状态。强烈推荐给喜欢运动的小伙伴们！👍",46mm大表 苍山灰,5,影***鸽
21658068571,2024-10-29 00:38:33,还不错  蛮好看的续航时间很不错,46mm大表 幻夜黑 ,3,j***l
23564407349,2025-05-22 13:59:39,"情绪监测:太有用了，能实时监测提醒自己控制情绪
外形外观：黑色太帅了，表带佩戴舒服
做工质量：厚实，耐磨，易清洁
续航能力：基本一周一冲
主要功能：非常好用，简单易懂",46mm大表 幻夜黑,5,会***-
23280990113,2025-05-06 20:02:53,入手华为 GT5 后，体验真的超棒！外观设计时尚大气，佩戴舒适，无论是日常出街还是运动健身，都很百搭。华为 GT5 在外观防刮耐磨方面表现出色。据说采用几何锋芒设计，表体、表镜均覆以超硬镀膜 ，耐磨能力相比以往提升200% 。这种超硬镀膜工艺，就如同给手表穿上了一层坚固的&ldquo;防护衣&rdquo;，能有效抵御日常生活中常见的刮擦，比如与桌面、墙壁等的摩擦碰撞 ，大大降低了表面产生划痕的几率。续航也完全不用担心，正常使用一周一充，重度使用也能坚持好几天 。和手机连接稳定，消息提醒及时。华为 GT5 真的是集颜值与实力于一身，入手不亏！宝子们可以放心冲！！,46mm大表 苍山灰,5,j***0
23310371248,2025-05-08 15:18:06,HUAWEI WATCH GT 5 使用一段时间的真实反馈：颜值和功能双双在线！💯 外观设计简约高级，蓝宝石玻璃表盘耐刮耐磨，日常磕碰毫无痕迹。最爱情绪监测功能，压力值提醒超准，配合专属表盘可视化情绪变化，职场人必备！运动涂鸦玩法新颖，跑步轨迹生成艺术图案，让运动更有趣～续航给力，佩戴轻盈，绝对是智能手表中的全能选手！,46mm大表 幻夜黑,5,j***2
23484021480,2025-05-17 18:38:29,华为GT5上手超有质感，很有颜值，金属边框和陶瓷后盖抗造得很，日常磕碰不怕花。情绪检测像个贴心小助手，随时提醒我放松，很贴心。运动涂鸦功能超好玩，跑步轨迹能画成专属个性图案！实在是太好玩啦，推荐大家购买！,46mm大表 幻夜黑,5,s***3
23478897976,2025-05-17 12:12:07,"很漂亮，表盘很大很好看，这款很适合男生，客服态度也很好回复很快问题也都能解决，
续航能力：还不太清楚
舒适程度：戴着很舒服
主要功能：功能多样还在摸索
做工质量：还有质感
外形外观：好看好看好看",46mm大表 苍山灰,5,九***l
23369526241,2025-05-11 17:53:29,这款华为Watch gt5苍山灰智能手表真是让我爱不释手！每一款的设计都充满了时尚感和精致工艺，表带材质舒适，佩戴一整天也不会感到不适。表盘细节处理得非常到位，无论是日常搭配还是正式场合都能完美驾驭。最让我惊喜的是它的精准度，时间走得非常准，完全超出了我的预期。每一款都各具特色，让我在选择时感到非常纠结，但无论选哪一款都不会出错。总之，这绝对是一次非常满意的购物体验！,46mm大表 苍山灰,5,L***9
23170661018,2025-04-29 15:41:26,"续航很不错，带一整天只掉百分4的电量，不是华为的手机，缺少了语音助手其他体验适配得完美
 健康玄机感知系统也特别牛，支持心率，血压，体温，呼吸率，睡眠监测等健康指标
情绪检测实时更新，有心情不好的时候都记录下来特别可爱，运动涂鸦智能解锁也很速度，适合我们运动时候佩戴
外观设计简单八边形设计，圆形表盘，提升耐用与质感",46mm大表 幻夜黑,5,安***i
23328140546,2025-05-09 13:46:24,"一直信赖华为产品的质量，旧手表也是用的华为，现在这款GT 5用起来非常流畅，和我的华为手机适配度拉满！体验感非常不错！
情绪监测：检测效果很准确
运动涂鸦：目前还没仔细使用过
睡眠监测：上一代手表就一直用的一项功能，记录准确，可以辅助改变自己的睡眠习惯，提高睡眠质量
产品外观：落落大方",46mm大表 幻夜黑,5,j***t
23482655535,2025-05-17 16:55:51,入手HUAWEI WATCH GT 5有段时间了，外观真的很戳我！金属表身质感满满，而且超耐刮耐磨，日常磕碰完全没在怕的。情绪监测功能也很实用，能实时了解自己的情绪状态，帮我及时调整。运动涂鸦功能更是有趣，运动时随手记录，超有成就感。戴着它运动、出街都很合适，颜值与实力并存！ 👍,46mm大表 苍山灰,5,E***k
23495053718,2025-05-18 16:02:06,"舒适程度：表带很软，佩戴贴合、舒适。

外形外观：银色外观很满意，更换各种款式表带也会很百搭。

精准程度：试了下导航、跑步等功能，记录非常及时、准确。
续航能力：刚佩戴一两天，期待续航效果。",46mm大表 苍山灰,5,s***8
23241588869,2025-05-04 09:17:58,"表盘情绪的小熊猫非常可爱，千种表盘可以选择，机械的表盘显示非常的大气，华为手表第一次佩戴感真的很不错！给个大大的好评
主要功能：功能很齐全
续航能力：续航很不错
舒适程度：皮带软，质感很好",46mm大表 托帕蓝,5,L***伟
23535865447,2025-05-21 07:22:26,选了很久最终选择了适合自己的华为GT5，玄玑感知系统健康指标监测心率、血氧、呼吸率、压力、体温等功能，很喜欢情绪健康还有睡眠监测功能，GT5随时能感知你的心情，还有睡眠质量和时间！运动涂鸦可以根据制定的路线进行运动。我特别喜欢GT5的外观设计，屏幕大待机时间长，带上去很有质感！正常佩戴还是很耐刮耐磨的。,46mm大表 幻夜黑,5,那***9
23216323295,2025-05-02 18:01:48,"华为WATCH GT5用了两天了，真香！
情绪监测挺准的，有时候突然提醒我&lsquo;压力偏高&rsquo;，才发现自己确实在焦虑，立马深呼吸调整；运动涂鸦好玩，跑步路线能画个爱心或者星星，发朋友圈直接被赞爆！  熊猫表盘可爱捏！
外观很耐造，不小心磕了几次，表圈一点划痕都没有，屏幕也扛刮。续航给力，预计充一次用一周没问题，出门不用带充电器，爽歪歪～&rdquo;",46mm大表 幻夜黑,5,羊***哥
23331053202,2025-05-09 16:41:19,"适程度：佩戴上很舒服。
续航能力：新手表没充电，续航不错。主要功能：功能很强大，满足使用。
做工质量：很好，相信华为。
外形外观：很帅气，好看！
值得购买，快递很快，有国补，简直太香了。",46mm大表 苍山灰,5,靳***华
23280325247,2025-05-06 19:13:23,续航能力超强，充电速度也很快，外观设计的简洁大气上档次，表带也很柔软，戴起来很舒服，耐刮耐磨。功能也很齐全，运动涂鸦，心率监测，情绪监测等，很适合年轻一族，表盘样式丰富，每天都可以换着花样带，值得入手,46mm大表 砂砾棕,5,张***儿
23588319230,2025-05-24 13:09:27,看来看去，还是喜欢帕托蓝的独一无二，复合编织表带戴的很舒适，透气。表体采用不锈钢材质，耐磨没话说，越看越喜欢。搭载鸿蒙操作系统，使用很丝滑流畅。它无时无刻都在关心我的健康，心率、血氧、压力、情绪变化状况...让我知道目前我的身体状况，能更好的运动锻炼。,46mm大表 托帕蓝,5,Z***J
21957938211,2024-12-17 15:23:18,买早了2天，双十二各平台都便宜好多,46mm大表 砂砾棕 ,3,j***q
23602643293,2025-05-25 21:48:51,"功能全面，支持心率、血氧及睡眠数据检测。功能挺多的，监测睡眠，肺功能，心率检测，太喜欢了。
它外观设计时尚精致，材质亲肤舒适，日常佩戴百搭，黑色适合男生大气，非常好看，很高大上。健康监测精准全面，运动模式超丰富，还能精准定位。续航能力强，一周一充很省心，另外还有情绪检测功能，可以始终提示关注自己的情绪，功能强大，非常值得入手。",46mm大表 幻夜黑,5,0***f
23356124009,2025-05-10 18:16:36,"主要功能：玄机感知系统健康指标监测心率 血氧 呼吸率 压力 体温等功能，重点喜欢情绪健康，表盘样式很多可随意切换，运动涂鸦可以根据制定的路线进行涂鸦

续航能力：续航很长，充一次电能用半个月

舒适程度：戴上轻便不压手，黑色很百搭，手表很耐磨",46mm大表 幻夜黑,5,哆***梦
23274577565,2025-05-06 11:50:26,"华为WATCH GT5真的挺懂我，昨晚戴手上打游戏它能随时&ldquo;猜&rdquo;到你的心情变化。华为的心率监测就更不用多说了，准确度应该是穿戴t0级了。
外观超耐造，银色金属表壳，多样表盘，精致百搭！
佩戴舒服，硅胶表带软乎乎的，出汗不黏手，表底圆润不硌手腕，跑步睡觉都不用摘。",46mm大表 苍山灰,5,对***边
23469444093,2025-05-16 17:59:08,手表戴上后比图片上感觉更好看，各种的表盘很丰富，这个表带也是很意外的舒适。还有情绪监测功能感觉很准确，还能够引导深呼吸平复心情。运动方面就不用说了，华为的手表一直就很精准功能也很齐全。另外国补这个价格买到真的很划算。,46mm大表 苍山灰,5,0***5
23281745216,2025-05-06 20:59:14,华为HUAWEI WATCH GT 5手表外观高端大气，黑色适合男生佩戴，超级好看。功能强大，睡眠监测、体温监测、心率监测等等，还有超多种运动模式。情绪监测功能非常好用，可以实时监测自己的心情，适时调整，非常不错！,46mm大表 幻夜黑,5,j***l
23585353179,2025-05-24 07:11:01,"主要功能：很实用
续航能力：非常给力
舒适程度：很舒服
精准程度：精准都很好

灵敏度：灵敏度非常好。
操作难易：操作很容易
做工质量：做工良好
外形外观：高端大气",46mm大表 托帕蓝,5,w***8
23211035499,2025-05-02 10:24:18,"以前那个华为荣耀用了5年，电池和屏幕都有问题，看了很久，还是选回华为新岀的GT5,参加国补，价格挺香的，相比老款，功能更强大，更流畅，表带带着更舒服，其他也熟悉得很，至于续航，刚上手，用段时间才知道，不过相信华为，明天带上跑步去！",46mm大表 苍山灰,5,z***k
23370729125,2025-05-11 19:38:42,华为watch GT5 着实令人惊喜。情绪实时查看及时调整心态，屏幕显示细腻清晰，阳光下也能轻松看清，外观设计简约大气无论是商务场合还是日常休闲的场合，在运动方面精准的运动数据记录，让我能更好地了解自己的锻炼情况，而且睡眠监测功能也很适用，不用频繁充电，操作简单流畅容易上手，总的来说，华为获取GT五以出色的性能和时尚的外观成为了我生活中的得力助手。,46mm大表 幻夜黑,5,蘇***與
23439196032,2025-05-15 12:49:06,"情绪检测：经过连续几天的试用，我发现这款情绪检测工具的准确率惊人地高。它不仅能够准确捕捉我的情绪变化，而且提供的应对建议也非常实用。界面友好，操作简便，真心推荐给需要情绪管理的朋友们！
产品外观：这款手表真是让人惊喜，它的外观设计精美绝伦，无论是搭配正装还是休闲装都显得优雅大方。表盘清晰易读，每一次查看时间都成为一种享受。绝对值得推荐给追求品质生活的你。
很耐磨防刮",46mm大表 苍山灰,5,j***1
23484097080,2025-05-17 18:49:00,哇，终于收到心心念念的手表啦，京东平台好方便哦，当天买第2天就送到家，物流速度超快！手表我关注很久了，苍山灰超好看，然后收到就迫不及待的玩起来啦，功能挺好的，表盘超漂亮，很有设计感，表带手感很舒服，功能很多，刚拿到还在摸索阶段，总之非常漂亮，非常喜欢。先付上几张刚刚摸索的一些功能界面。,46mm大表 苍山灰,5,恰***李
23585432632,2025-05-24 07:28:53,"主要功能：检测运动数据特别准确
续航能力：充一次电，可以用两三个星期
舒适程度：佩戴合适
精准程度：可以准确检测我的情绪
外形外观：外观简约大方
做工质量：表带特别舒适，表盘耐刮耐磨
操作难易：上手简单",46mm大表 苍山灰,5,8***c
23591036149,2025-05-24 18:32:27,"续航能力：续航特强！
主要功能：可以监测心脏，情绪，睡眠等等
外形外观：外形时尚，大爱了！
操作难易：操作简单易学！反应灵敏！
到底是新款的，高端大气上档次！",46mm大表 幻夜黑,5,j***h
23355541890,2025-05-10 17:27:23,"新款仓山灰的配色很漂亮，之前一直想买托帕蓝的，但是一直犹豫，这次仓山灰果断下手！
表盘样式很多，很漂亮，我喜欢五福临门和数字表盘
现在的生活浮躁，手表有情绪检测功能，能了解自己的情绪变化，然后可以自己调整心态，不要太丧。
手表配合NFC功能可以当车钥匙和门禁卡使用，不用掏手机了，也不用带车钥匙了，很方便，看看续航能力怎么样吧",46mm大表 苍山灰,5,刘***的
23372438169,2025-05-11 22:11:04,心心念念了好久的gt5终于到手了，趁着国补买非常划算，超级喜欢。苍山灰颜色非常好看，表带也是亲肤的柔软材质上手非常显年轻。各项功能都很实用，尤其喜欢这个小熊猫测情绪健康，互动性很强，总之各项功能都很喜欢，强烈推荐！,46mm大表 苍山灰,5,j***g
23369778569,2025-05-11 18:14:42,看了很久华为这款智能手表，因为手机是荣耀的，一直担心兼容性不好，入手后发现很多惊喜，情绪监测非常有用，胖胖的熊猫也很可爱，运动涂鸦也非常有创意，产品外观看起来很高端大气，耐磨材质，带了几天，没有任何划痕。总的来说，我个人还是比较满意的👍,46mm大表 幻夜黑,5,清***味
23473564287,2025-05-16 21:58:18,使用后，华为WATCH GT 5的表现超乎预期！情绪监测功能非常实用，能通过心率变化实时反馈压力状态，帮助我及时调整作息；表盘采用蓝宝石玻璃材质，日常磕碰无划痕，佩戴去健身房也完全不用担心磨损。运动涂鸦功能趣味性十足，锻炼数据以涂鸦形式呈现，让运动记录更生动。附上亮屏佩戴图及情绪表盘截图，颜值与实力并存，强烈推荐！,46mm大表 苍山灰,5,b***3
23213621699,2025-05-02 14:04:52,使用HUAWEI WATCH GT 5这段时间，最让我惊喜的是它的情绪监测功能！通过表盘实时查看压力指数，配合呼吸训练，能快速调整状态，对工作党来说简直是解压神器。另外，运动涂鸦表盘设计很有创意，每次跑步都能切换不同风格，让运动多了份趣味。手表外观也超赞，玻璃镜面非常耐刮，日常磕碰完全无痕，戴了两周依然如新。续航也很给力，充一次电用一周毫无压力。总之，颜值与实力并存，体验超出预期！,46mm大表 幻夜黑,5,原***4
23546735762,2025-05-21 16:21:33,入手HUAWEI WATCH GT 5有段时间啦，外观真的很戳我！表身线条流畅，金属材质质感满满，日常佩戴磕磕碰碰也没留下明显划痕，耐刮耐磨这块表现优秀。 而且情绪监测功能超实用，能实时感知我的情绪状态，提醒我适时放松。运动涂鸦功能也很有趣，运动时随手记录心情和轨迹，仪式感拉满~,46mm大表 托帕蓝,5,6***7
23423674426,2025-05-14 18:46:37,华为运动手表，各个功能非常齐全，颜色也很漂亮，每天的各种提示非常到位，每星期冲一次电，是一个比较理想的运动手表，非常喜欢。,46mm大表 托帕蓝,5,方***9
21542434578,2024-10-11 17:54:33,也就外观颜值了。功能一般。,46mm大表 托帕蓝 ,3,v***q
23513809076,2025-05-19 22:02:02,这款手表真的太棒了！👍 屏幕清晰显示时间、心率等信息，运动监测功能也很强大！黑色表带设计简约大气，佩戴舒适又时尚💪，经过三天的使用，期间有一次一小时的慢跑，掉电量非常满意，按照这样估计用两个礼拜应该没问题，另外睡眠监测感觉也蛮准的，性价比超高的一款智能手表，强烈推荐给大家！🌟,46mm大表 幻夜黑,5,5***k
23304996357,2025-05-08 08:08:59,"这个手表有情绪检测功能，配合熊猫表盘可通过熊猫表情变化反应佩戴者的情绪变化，这个功能还是挺准的，能比较真实地反映情绪变化＋。
本人喜欢跑步、羽毛球，运动检测功能实时的记录运动的里程和消耗的热量，而且还能还能通过蓝牙耳机听歌，省去了带手机的麻烦。
46mm的外观很大气，表盘灵敏且耐磨，特别是表带戴上很是舒服。",46mm大表 苍山灰,5,j***7
23217712920,2025-05-02 19:56:42,"续航能力:  华为智能手表的做工和功能更精良，匠心制造和符合人体工学的设计很人性化。
舒适程度:  贴合手腕的呼吸感硅胶表带,上手很
轻盈，感觉不到重量。
主要功能:  首创的玄现感知系统，46mm的标配
黑色硅胶表带。简约大气的类八边行表盘设计,
人工蓝宝石的手表镜面设计。
精准程度:  能很准确告知使用者的情绪变化,很
用心的表盘后台设计。
总而言之，梦中情表，爱了爱了",46mm大表 幻夜黑,5,熬***W
23370913880,2025-05-11 19:54:46,"续航能力：特意买的46mm的，续航要好很多。
舒适程度：表带带着舒服，还得是原装的。
其他特色：情绪表盘看着也会心情好些，种类很多。
外形外观：几种款式都不错，也比较耐磨耐刮，家人喜欢。",46mm大表 苍山灰,5,稳***投
23183004316,2025-04-30 11:40:24,"华为WATCH GT5颜值高大气，圆形表盘搭配金属表圈。
主要功能：功能强大应有尽有，心脏健康、情绪健康、睡眠监测精准。
续航能力：充满电预估可以续航一个星期
舒适程度：表带佩戴起来很舒服，不会勒手腕
操作难易：操作简单易懂
外形外观：外有颜值，内有玄机
其他特色：1元开通7天会员，随便下载表盘",46mm大表 幻夜黑,5,-***仔
23439381019,2025-05-15 12:58:26,"主要功能：该有的都有
续航能力：比苹果好
舒适程度：很满意
精准程度：跑步，睡眠都可以
灵敏度：还可以，满意
准确性：没问题
操作难易：简单易操作
做工质量：满意
外形外观：很漂亮。
参加了国补，到手比较便宜，手表可以刷电梯，乘地铁，很方便。",46mm大表 托帕蓝,5,y***b
23174385968,2025-04-29 21:22:21,收到手表太惊喜！外观设计超酷，金属边框+彩色运动涂鸦表盘，科技感拉满。新增情绪监测功能超贴心，实时压力分析，配合呼吸训练超解压。运动模式超全，跑步游泳自动识别，数据精准反馈。健康监测全天候守护，血氧、睡眠、心率一应俱全。1.5英寸AMOLED屏显细腻，触控流畅。续航给力，重度使用撑5天！日常穿搭百搭，轻若无物，千元档智能表天花板无疑！,46mm大表 苍山灰,5,一***o
23228316047,2025-05-03 13:00:09,"主要功能：可以监测部分身体的健康情况
续航能力：续航能力很好，收到有85的电，一天也没下什么
舒适程度：表带软硬适中，不卡手，也不闷汗
操作难易：操作简单，便捷
外形外观：表盘很大气，大小适中
送给老公的，他非常喜欢。",46mm大表 幻夜黑,5,兰***沐
23498900006,2025-05-18 21:13:42,手表真的是太好看了，颜值很高，金属感十足，耐磨。功能也很全，情绪监测很好用，还有运动涂鸦，血氧监测。表盘可选也很多，还是鸿蒙系统，真的是太赞了。,46mm大表 幻夜黑,5,f***9
23481971904,2025-05-17 16:08:31,华为gt5在运动和健康检测方面非常出色，支持100+种运动运动，还搭载玄机感知系统，心率，血压检测精准，还有情绪健康助手，续航能达14天，非常满意，趁着现在的国补，价格下来非常实惠，加上京东官网，这次购买体验非常满意！！！,46mm大表 苍山灰,5,j***o
23372528213,2025-05-11 22:19:24,"京东快递非常速度，当天下单后隔天就送货到家
了，非常的方便。最近对华为有滤镜，主要是源
于对华为的信任。这款手表有多种运动模式，还
有健康监测功能，可以记录心率、血氧和睡眠等
数据。最喜欢的是情绪辅助功能，表盘是一只超
级可爱的动态大熊猫，熊猫还可以随着心情变化
来更换表情，可以实时显示情绪的平静、愉悦或
不愉悦。运动涂鸦还能根据外出游玩来绘画星座
路线，表盘也坚实耐磨，很个性很好玩。",46mm大表 幻夜黑,5,强***1
23493581463,2025-05-18 13:48:31,"主要功能：续航非常好 使用好多天
续航能力：厉害 一直使用问题不大 14天续航
舒适程度：很舒服
精准程度：测量准确
其他特色：表盘好看",46mm大表 苍山灰,5,看***切
23480021491,2025-05-17 13:54:47,"主要功能：健康助手通过体征监测数据推测用户情绪状态，当检测到情绪不佳时，左划界面直接进行呼吸训练或启动运动功能，结合华为运动健康App提供的正念冥想和瑜伽课程，实现身心调节。
舒适程度：带着很舒适 性价比也很高 真的值得购买
外形外观：外观很好 很能拿得出手 送人送礼的好选择
精准程度：体验良好。情绪监测功能通过体征数据洞察情绪状态，还能给出改善建议，实用贴心；运动涂鸦增添运动趣味性，让锻炼不再枯燥。外观上，多种材质表带搭配轻薄表体，时尚又舒适。",46mm大表 幻夜黑,5,笛***_
23315543415,2025-05-08 22:18:35,第一眼看到苍山灰就知道这是我要的手表，上手之后相当好看，戴在手上和那些机械表不相上下，官方表盘有很多，觉得不够的话还有表盘市场可以下载。熊猫情绪表盘很可爱，熊猫会根据情绪变换动作和背景色，很有趣；运动监测相当齐全，有很多运动可以选择；银色的表壳很亮，因为gt5的表盘不是蓝宝石的，爱惜的话建议可以贴个表盘膜。,46mm大表 苍山灰,5,p***h
23459198183,2025-05-16 09:33:38,犹豫了很久最终还是下单了华为GT5，续航很不错，带一整天只掉百分4的电量，可惜不是华为的手机，缺少了语音助手， 健康玄机感知系统非常准，支持心率，血压，体温，睡眠监测等健康指标，情绪检测实时更新，有心情不好的时候转一下手腕就能看见特别可爱，运动涂鸦智能解锁也很速度，非常合适我们运动时候佩戴 ，外观设计简单八边形设计，圆形表盘，提升耐用与质感。,46mm大表 托帕蓝,5,萌***意
23587461774,2025-05-24 11:35:34,刚入手华为GT5手表，体验感直接拉满！颜值上完全长在我的审美点上，金属表身搭配高清大屏，简约大气又不失精致，不管是日常通勤还是运动穿搭都超适配。续航能力也太顶了，重度使用一周才充一次电，彻底告别电量焦虑。健康监测功能更是精准又全面，心率、睡眠、压力监测一应俱全，还能自动识别十几种运动模式，运动完看数据超方便！HarmonyOS系统操作丝滑流畅，消息提醒、遥控拍照这些小功能也很实用。唯一小遗憾是表盘商城要是能再多些免费表盘就更好啦~总体来说，性价比超高，入股不亏，绝对是智能手表的宝藏之选！,46mm大表 幻夜黑,5,j***梦
23243092823,2025-05-04 11:14:39,HUAWEI WATCH GT 5 的情绪监测功能很实用，能依据生理数据精准评估情绪状态，还能生成情绪健康报告，其萌宠熊猫表盘会随情绪变化表情，增添趣味性；运动涂鸦功能新颖，可自定义运动路线，让运动更有趣；外观采用蓝宝石玻璃表镜材质，耐刮耐磨性出色，所以原厂都不需要配备保护膜了。,46mm大表 幻夜黑,5,G***o
23574835711,2025-05-23 10:29:45,这个手表续航太顶了！开全天心率+睡眠监测，能用10天以上！而且心率、血氧检测很准，和医院设备对比误差很小，睡眠分析超详细，连午睡都能识别，睡眠质量一目了然。金属表框+氟橡胶表带，质感拉满，商务休闲都能戴！,46mm大表 苍山灰,5,H***z
23306533715,2025-05-08 10:20:58,"外形外观：黑色高端大气上档次，表盘可多样化选择，可换自己喜欢的风格。
操作难易：操作简单便捷，功能强大。
准确性：运动数据准确，激励健康科学锻炼。动态情绪表盘，时刻监测心情，可随时调节心态，保持好心情。
舒适程度：佩戴舒适，体验感很好。
很不错的产品，推荐大家购买。",46mm大表 幻夜黑,5,湯***9
23526483586,2025-05-20 20:29:11,"情绪监测：情绪变化时会震动提醒，可以跟着呼吸动画调节，5分钟后心率下降12次/分，比冥想App更直观。
运动涂鸦：户外步行很健康的有氧运动，可以精确画出运动轨迹，随时提示运动状况。
产品外观：产品外观设计个人比较喜欢，宜商务宜运动，各种场合佩戴均可。
电池续航：拿到手没有充电，带了两天电量掉了百分之十，续航能力很强。",46mm大表 幻夜黑,5,j***e
23233001517,2025-05-03 19:20:15,华为GT5手表，外观高级，典雅而不失朴实，棕表带银表盘完美搭配，戴在手上非常适配，功能多样，操控灵敏，抬腕即亮屏，内含有心率检测，运动涂鸦等多功能应用，实时监测心跳，协助高效运动，实现透明全面的健康报告和科技智能生活基本需求，华为遥遥领先！,46mm大表 砂砾棕,5,j***1
23297757283,2025-05-07 20:22:03,"舒适程度：非常合适
操作难易：简单实用
外形外观：孩子推荐的，没错
主要功能：我想要的功能都有了
续航能力：用了几天才来评价，感觉还可以
精准程度：心率挺准的灵敏度也高，功能齐全，时刻显示情绪，加上国补很实惠",46mm大表 幻夜黑,5,j***r
23229442402,2025-05-03 14:30:01,"华为GT5这做工，真心没得挑👍。细节处理得特别到位，拿在手里手感超级舒服。从GT2换到GT5，功能上多了不少，而且都很实用。
续航方面，华为一如既往地给力🔋。用了一整天还能剩不少电，出门不用担心手机没电。",46mm大表 砂砾棕,5,j***k
23567028480,2025-05-22 18:26:07,"上午下单下午就收到了，速度很快，老公很喜欢，很大气
舒适程度：非常舒服
主要功能：功能齐全，很满意
灵敏度：非常灵敏
操作难易：容易上手",46mm大表 幻夜黑,5,j***m
23493686857,2025-05-18 13:57:02,"华为gt 5这款手表颜值非常高，有AI功能，我主要买这款手表，就是为了跑步，在跑步领域上，这款手表非常有权威
续航能力：大约可以使用14天
舒适程度：对于男性来说，手表大小正好可以换表，带来改变它的适用场景
主要功能：功能特别特别多
做工质量：特别好
外形外观：很大气，特别适合男人",46mm大表 苍山灰,5,j***b
23580010449,2025-05-23 18:55:32,物流非常快，买的蓝色颜值高，送老公的礼物，支持100+运动模式，健康监测全面（心率、血氧、睡眠等），续航长达14天，触控流畅，支持蓝牙通话和音乐控制，设计时尚，日常和运动都可以佩戴，表盘洋气，值得购买,46mm大表 托帕蓝,5,j***t
23461697875,2025-05-16 11:33:46,"外形外观：非常高级耐看
做工质量：是一款很高档的智能手表
华为WATCH GT5用下来真的挺惊喜的！情绪监测特别有意思，戴着表它就能实时监测心率变化，压力值一高小熊猫表盘立刻蹦蹦跳跳提醒我放松，还会自动推荐呼吸训练，像有个贴心管家随时关照心情。外观也超抗造！我买的是普通版，平时磕到桌子、蹭到包包金属边框都没划痕，官方说耐磨性比之前强了2倍，亲测健身撸铁时刮蹭也没留痕迹，表带脏了湿巾一擦就干净。运动党还能玩运动涂鸦，周末跑个爱心或者星座路线发朋友圈超有成就感！综合来看，这表算是把健康管理和实用耐用平衡得很到位了",46mm大表 幻夜黑,5,点***子
23522305792,2025-05-20 13:52:29,主要功能：华为GT5到手超惊喜！外观精致，表盘样式丰富能随心切换。续航超给力，一周一充无压力。健康监测功能强大，心率、睡眠数据精准，还能实时追踪运动状态。NFC刷公交超方便，消息提醒及时。佩戴舒适无感，性价比超高，绝对值得入手！,46mm大表 苍山灰,5,j***a
23458510704,2025-05-16 08:07:47,入手 GT 5有段时间了，选的苍山灰这款，它的外观超赞，戴上很大气，表盘耐磨耐刮，平时不小心碰到桌子啥的，完全不用担心会留划痕，各项功能都挺好用，尤其情绪监测功能真的很绝，戴上它就像有个情绪小管家。还有运动涂鸦功能，跑完步随手画个小图案，记录当下的运动心情，挺有意思的！,46mm大表 苍山灰,5,j***城
23215248433,2025-05-02 16:22:42,情绪辅助管理很好玩，可以实时监控个人的情绪变化，尤其这只可爱的小熊猫，简直就是一个宠物。各项数据监测很齐全，也很准，这是我看中的。接听电话方便， 声音清晰，这下再也不怕静音的时候漏接重要电话了。健康三环对各项指标监测非常直观，好用好用。,46mm大表 幻夜黑,5,极***罡
23514218055,2025-05-19 22:47:07,入手HUAWEI WATCH GT 5有段时间了，体验感超棒！它的外观很抗造，不锈钢表体搭配铝硅玻璃镜面，平时磕磕碰碰也没留下划痕。运动涂鸦功能特别有意思，跑步时能按照预设图案规划路线，跑个&ldquo;爱心&rdquo;路线发给对象，超有心意。情绪监测也很贴心，能根据体征数据推测情绪，不开心时还能引导做呼吸训练放松身心，真的爱了！,46mm大表 幻夜黑,5,j***p
23478172690,2025-05-17 10:46:12,快递很快嗷，昨天晚上下单第二天早上就到了 这黑色自带的表盘可比GT4黑色的那个表盘帅多了，&ldquo;活力三环&rdquo;也从原本的圆弧形变成了棱角分明的&ldquo;蜘蛛网形&rdquo;黑色沉稳运动风 买来的时候是橡胶带 皮带可以自己换！建议去官网买比较真 。华为功能也挺齐全的 心脏健康 呼吸🫁测量 以及心率相比于gt4更挺准确 因为传感器更多了 而且还可以打电话发信息！还有一些运动功能可以连接手机去查看 报告也是自动生成。,46mm大表 幻夜黑,5,身***七
23574979513,2025-05-23 10:45:59,入手HUAWEI WATCH GT 5有段时间了，真的超爱！外观精致大方，金属表圈质感满满，而且很耐刮耐磨，日常佩戴完全不用担心。运动涂鸦功能太有趣啦，运动时随手记录轨迹，超有成就感。情绪监测也很贴心，能实时了解自己的情绪状态，帮我及时调整。 附上几张佩戴图，亮屏状态下表盘超炫~ 💕,46mm大表 苍山灰,5,丿***丨
23264298742,2025-05-05 17:14:25,GT5的情绪监测功能确实不错，能精准识别我的压力状态，帮助我及时调整心态。运动涂鸦也非常棒，记录运动轨迹同时还能自由图写，增添乐趣，手表外观设计简约大气，镜面材质耐磨，日常佩戴无需担心划痕，并且手表轻薄，质感出众。两周超长续航，支持无线快充，真的是太优秀了！,46mm大表 幻夜黑,5,时***购
23544528829,2025-05-21 14:26:24,产品外观表盘设计非常喜欢，蓝色表带非常简约大气上档次，男朋友非常喜欢。情绪监测功能很好，能及时察觉自己的情绪变化，运动涂鸦能更准确的记录运动路线及轨迹，便于更好更科学合理的调节，第一次买大表盘的手表，非常成功的一次购物，强烈推荐！,46mm大表 托帕蓝,5,k***n
23372063672,2025-05-11 21:38:34,运动涂鸦真好看啊，情绪监测功能非常新颖，很实用，让我能及时发现并调整自己的心态和情绪，铝硅玻璃非常坚硬，耐磨且漂亮大气，真是物超所值，兄弟们直接闭眼冲，买到就是赚到，充电也是嘎嘎快，续航太强大了，哈哈,46mm大表 苍山灰,5,毛***莓
23326818861,2025-05-09 12:26:10,华为GT5手表作为一款智能穿戴设备，给我带来了非常不错的使用体验。首先，它的外观设计时尚大方，佩戴舒适。其次，手表的性能表现出色，无论是日常的时间显示还是健康监测功能都表现得相当精准。特别是在运动模式切换和心率监测方面，表现稳定可靠。此外，电池续航能力也令人满意，一次充电可以支持长时间使用。总体而言，华为GT5手表是一款性价比高的产品，适合追求时尚与实用性的消费者。,46mm大表 幻夜黑,5,浮***丶
23498541242,2025-05-18 20:46:52,戴了GT5，情绪监测真的准，压力大时会提醒我深呼吸，超贴心！运动涂鸦功能好玩又实用，跑步路线都能画成图案。最惊喜的是表盘超耐磨，日常磕碰完全没划痕，颜值一直在线！续航也很顶，用下来依然很香～,46mm大表 幻夜黑,5,N***头
23273726880,2025-05-06 10:49:52,五一假期购买的，物流还是很快，第二天就收到了。很激动地拆包装，果真没让我失望。这款手表非常漂亮，大气上挡次。功能非常强大，可以监测身体健康，可以监督运动，可以进行情绪监测管理，实时压力分析，还可以睡眠监测，佩戴起来很舒服，耐刮耐磨。非常棒！,46mm大表 幻夜黑,5,j***0
23173524708,2025-04-29 20:00:10,小孩一眼就瞄上华为GT5托帕蓝版智能手表，外形很漂亮，内置情绪监测功能很不错，一旦监测到不愉快情绪，就提示做深呼吸减压。另外运动这块我比较喜欢户外骑行，打开后就像一个码表，随时显示你骑行的车速，运动涂鸦也不错，可以根据制定的路线进行运动。另外夜间睡眠这个功能我也特别喜欢，可以监测我休息时间，提示我尽量早睡多睡，健康生活。希望大家都运动起来，健康身体。,46mm大表 托帕蓝,5,沙***粒
23565229479,2025-05-22 15:26:04,"简约大气，续航很能打，周一充满，这几晚都用来运动和听歌，现在周四还有65的电，终于告别续航焦虑了！
这个情绪监测还挺好玩的，也不知道准不准，但是看起来好像还真那么回事。
运动涂鸦倒是还没用过，下次可以试试，好多功能都还在探索中。
整体颜值很高，配上各式表盘，既可以很商务，也可以很休闲，还能很可爱",46mm大表 幻夜黑,5,黄***啦
23411611565,2025-05-14 06:47:34,手表太棒了，操作流畅，表盘大气上档次，可运动可商务，运动模式专业，健康监测精准，收到第二天陪我完成首个半马。几年前用苹果手表一两天就得充电，这手表用了快5天了还有一半多的电，太棒了👍！,46mm大表 苍山灰,5,j***0
23507856394,2025-05-19 13:22:10,用了一段时间才来评论京东快递，非常快，下单后第二天就到了，非常方便，这款手表有许多运动模式，还有健康监测功能，可以记录心率，血氧和睡眠等数据。喜最喜欢的是它的辅助功能，表盘是一只可爱的大熊猫，还可以跟着心情的变化变换颜色，非常耐磨，还有涂鸦👍👍👍👍,46mm大表 苍山灰,5,u***r
23242406532,2025-05-04 10:21:57,"情绪监控，是我买这款的一个要点，挺有意思的。外观很大气 男女都要适合佩戴。带上很合适！
续航能力：强
舒适程度：高
灵敏度：高
操作难易：简单
做工质量：不错
外形外观：好看",46mm大表 苍山灰,5,j***2
23308207730,2025-05-08 12:21:20,"手表真的挺不错的。各种运动模式可以精准地记录运动
数据，像跑步的距离、速度、消耗的卡路里等，让我能
清楚了解自己的运动情况。而且它还能监测心率、 睡眠
等健康数据，实时关注身体状况。续航能力也很出色， 
不用频繁充电，还有情绪功能，超级赞。正常使用能撑挺长时间。还有外观设计很时尚，表盘大小适中，佩戴起来很舒适，无论是日常佩戴还是运动时戴都很合适。屏幕显示效果特别清晰， 色彩鲜艳且细腻，看着很舒服。",46mm大表 幻夜黑,5,云***升
23489777707,2025-05-18 08:50:50,"续航能力：续航持久，一周都不用充电
舒适程度：佩戴也很舒服，不磨手腕
精准程度：感知精准灵敏准确
操作难易：简单好上手体验效果非常棒
外形外观：超级帅气大气，送给老公的 他很喜欢
其他特色：快递送的很快，质量有保障 是正品",46mm大表 幻夜黑,5,酷***r
23290383751,2025-05-07 11:14:16,收到后手感很好，这个手表情绪功能还是挺比较的，能比较真实地反映情绪变化。游泳、跑步、运动检测功能实时的记录运动的里程和消耗的热量。还能外放听歌。 灰色的外观精致耐看，表盘灵敏，特别是表带戴上也很舒服。表带比较光滑，耐刮耐磨,46mm大表 苍山灰,5,j***r
23290665246,2025-05-07 11:29:55,"我个人很喜欢 gt5 的心情检测，所以我给我对象买了一个黑色的，我自己是蓝色的，gt5 实时情绪监测，精准感知身心状态挺准的
gt5 好像是采用蓝宝石玻璃+陶瓷表圈，耐刮耐磨历久弥新，我的蓝色用了半年了还依旧很好",46mm大表 幻夜黑,5,j***2
23294961239,2025-05-07 16:50:02,"主要功能：蓝牙连接手机 不会漏听电话 运动心率检测 睡眠检测
续航能力：续航很满意 时间长
舒适程度：比起41mm的 稍重一丢丢
精准程度：比较精准
外形外观：外观好看 大气
操作难易：操作简单
准确性：准确率较高
我说想买一个运动手环 结果我们家隔壁老王就买了这个回来给我 本来想退掉买fit 3 的 他不让 就让用这个",46mm大表 苍山灰,5,0***l
23189555418,2025-04-30 21:19:31,"这表的续航还是很给力的，我充一次电能用十来天，不像有些手表天天得充电。
运动模式很多，像是跑步、游泳、登山啥的都有专门的模式，我试过数据记录也挺精准，像跑步时的配速、心率、卡路里消耗，都能够一眼看到。
这个表带戴着也挺舒服，运动的时候出汗也不会难受。我很喜欢的一点就是表盘能随便换，还可以换自己喜欢的图片。",46mm大表 幻夜黑,5,永***7
23216174107,2025-05-02 17:49:35,收到货后拿到手就能感觉到它的做工精致，八边棱角造型时尚，材质坚固耐用，日常佩戴也没有刮碰、在使用过程中，系统运行流畅，各种功能响应迅速，没有出现过卡顿的情况，质量这块真的没得说、尤其情绪监测功能，能时刻关注到自己的情绪，提醒自己、超赞的一个功能！,46mm大表 砂砾棕,5,j***q
23263509955,2025-05-05 16:13:39,入手华为WATCH GT5体验感超棒！表盘几何锋芒设计，八边轮廓搭配圆形内表盘，简约利落超独特。不锈钢表体加铝硅玻璃镜面，耐磨耐刮超坚固 ，日常佩戴毫无压力。它的情绪监测功能真的惊艳到我，中科院心理研究所联合研发，能精准推测情绪状态，还能同步到萌宠表盘，情绪不好时还能引导进行呼吸和运动训练 。运动涂鸦也很有意思，十二星座、冠军奖杯等创意路线，给跑步增添了好多乐趣，让我爱上了运动！,46mm大表 幻夜黑,5,v***濱
23329644848,2025-05-09 15:13:36,华为gt5，上午下单，下午就到货了，现场激活上手很容易操作，触摸屏灵敏！手表运行很流畅，带一天就只掉5-6个电，续航很给力！还能看到情绪反馈，功能强大，给个大大的赞！,46mm大表 苍山灰,5,j***z
23582885200,2025-05-23 23:39:15,"被情绪辅助管理吸引了很久，感觉很有趣，趁着有国补立马下单。
外观：很有质感!!大表盘很适合男生，很百搭。
情绪辅助管理：最想试的就是这个功能，果然很有趣很神奇。能监控到自己的情绪。
运动涂鸦：有很多图案可以选择，让运动更有动力。",46mm大表 苍山灰,5,黑***花
23494901581,2025-05-18 15:47:38,"外形外观：灰色非常好看，也不会显脏
情绪健康非常的好用
重量很轻，表带透气性也很好
操作难易：操作简单
准确性：心率数据很准
续航能力：续航可以用个十天左右
主要功能：运动涂鸦很好玩",46mm大表 苍山灰,5,用***钱
23438830965,2025-05-15 12:31:56,很喜欢这个手表新配色很好看，不错，华为GT5智能手表延续系列优势，采用轻薄金属机身与高清AMOLED屏，质感出众。两周超长续航支持无线快充，搭载精准心率、血氧、睡眠监测功能，新增科学减脂算法。支持100＋运动模式与双频GPS 定位，配合鸿蒙系统流畅交互，兼顾商务与运动场景，是全能型穿戴优选。,46mm大表 苍山灰,5,圈***9
23246256359,2025-05-04 15:15:49,"外观：蓝色表盘很特别一眼就看中了，46mm尺寸很适合男士佩戴，金属质感很强。
流畅度：拿到手把玩了很久，界面切换很流畅，UI色彩饱满度也很不错。
特色功能：血压血糖、情绪监测功能都有，我还添加了手表智能穿戴钥匙，可以直接解锁车子。",46mm大表 托帕蓝,5,j***f
23377804706,2025-05-12 09:25:44,这款手表真是太酷了！😎 设计时尚，功能强大，能满足各种需求。特别喜欢它的智能提醒功能，随时掌握重要信息，生活变得更便捷。性价比超高，强烈推荐给大家！💖📈,46mm大表 幻夜黑,5,治***民
23382412666,2025-05-12 15:18:56,"国补价格真的给力！
续航能力：估计10天
舒适程度：更换了一个表带，穿戴都很方便，建议更换
精准程度：符合预期
准确性：很好
操作难易：操作简单，容易
外形外观：不喜欢黑色，但也不喜欢灰色表带，只喜欢表头的金属本色！",46mm大表 苍山灰,5,v***7
23602054419,2025-05-25 20:49:16,这个手表外观很好看，很喜欢。特别是情绪监测功能，真的是超级喜欢；居然还有情绪表盘，最喜欢这个熊猫的情绪表盘，很可爱。产品外观时尚大气，并且耐刮耐磨，很喜欢，不错，推荐～～,46mm大表 苍山灰,5,8***5
23379094646,2025-05-12 11:06:13,华为GT5智能手表体验超预期！1.5英寸高清屏显色细腻，运动模式丰富实用，心率血氧监测精准。两周超长续航告别频繁充电，蓝牙通话便捷清晰。磁吸快充+轻量化设计佩戴舒适，健康管理功能全面，千元价位性价比之王！,46mm大表 苍山灰,5,m***n
23228271067,2025-05-03 12:56:54,入手华为手表 GT5 一段时间啦！外观时尚大气，材质质感超棒。金属表圈防刮耐磨，日常磕碰毫无压力。而且情绪监测功能很实用，能随时了解自己的情绪状态，爱了！,46mm大表 幻夜黑,5,漂***4
23555891160,2025-05-21 20:14:15,佩戴华为WATCH GT 5一周，最惊艳的是它的情绪压力监测功能：表盘实时可视化压力指数，配合呼吸训练指导，职场焦虑时抬腕就能自我调节，数据精准到让我重新关注心理健康。外观更是硬核实力派，蓝宝石玻璃镜面+钛金属表体，健身房器械剐蹭、户外徒步碰撞均无痕，哑光表圈搭配穹顶屏设计，低调中透着高级感。,46mm大表 幻夜黑,5,椰***丸
23228057307,2025-05-03 12:40:32,续航能力：商家的服务极其耐心。配货速度快得让人惊喜，很快就收到。包装精也十分用心，商品功能完整，质量一流，太棒啦！情绪检测非常准确，产品外观大气上档次，佩戴舒适,46mm大表 幻夜黑,5,j***z
23314230450,2025-05-08 20:26:24,"外形外观：国家大品牌，豪华大气，很有时尚感，潮流感
做工质量：做工精细，流线圆惑

操作难易：操作简单，十分方便

其他特色：特别是情绪监测，带给你不一样的生活体验。",46mm大表 幻夜黑,5,f***p
23462118527,2025-05-16 11:52:46,华为GT5手表让我惊艳不已。外观上，表身线条流畅，表盘精致，有多种时尚配色与表带可选，佩戴舒适且彰显品味。功能极为强大，运动模式丰富，精准记录数据。健康监测上，心率、睡眠监测准确。新增压力监测贴心实用，两周续航超棒，是智能穿戴佳选。😘,46mm大表 幻夜黑,5,j***j
23282600006,2025-05-06 22:06:20,"舒适程度：佩戴上很舒服
续航能力：续航很好，用10多天才充电
主要功能：功到强大，满足所有需求
做工质量：做工精细，大品牌
外形外观：外观时尚",46mm大表 幻夜黑,5,小***_
23244055851,2025-05-04 12:22:36,"舒适程度：很舒服
续航能力：看着还不错，才带一天
主要功能：功能强大，很全
做工质量：做工很好，颜值很高
精准程度：很精准，喜欢",46mm大表 幻夜黑,5,星***者
23266057245,2025-05-05 19:24:43,物流很给力，昨晚快十一点下的单，今天下午就到手了！第一次购买智能手表，主要是跑步监测心率情况，晚上睡觉监测一下睡眠情况，整体感觉还不错与手机连接交互非常顺畅，操作也比较简单、好上手，其他功能后续慢慢体验，先感受跑步监测还是比较准的。,46mm大表 幻夜黑,5,钱***钱
23226245801,2025-05-03 10:04:36,主要功能：这个手表新配色很好看，不错，华为GT5智能手表延续系列优势，采用轻薄金属机身与高清AMOLED屏，质感出众。两周超长续航支持无线快充，搭载精准心率、血氧、睡眠监测功能，新增科学减脂算法。支持100+运动模式与双频GPS定位，配合鸿蒙系统流畅交互，兼顾商务与运动场景，是全能型穿戴优选。,46mm大表 幻夜黑,5,j***b
23367252014,2025-05-11 14:25:42,情绪辅助管理功能:真的很智能，符合我的审美要求，逐鹿测试功能也很准确。运动涂鸦功能很好玩，记录了运动轨迹，产品外观幻夜黑很高档，触感灵敏，反应速度快，华为的产品就是好！,46mm大表 幻夜黑,5,老***9
23281304473,2025-05-06 20:25:05,"续航能力：新电池就是比旧电池耐用
外形外观：就是喜欢手表外观设计才买的
舒适程度：带着舒适，完全没有不适感
灵敏度：非常灵敏，轻微的变化都能测出来
操作难易：操作简单易上手
其他特色：NFC可太好用了，比手机更方便了",46mm大表 幻夜黑,5,士***S
23329904172,2025-05-09 15:29:31,手表配色很好看，不错，质感出众。两周超长续航支持无线快充，满足各种使用场景搭载精准心率、血氧、睡眠监测功能，新增科学减脂算法。支持100＋运动模式与双频GPS定位，配合鸿蒙系统流畅交互，兼顾商务与运动场景，是全能型穿戴优选。,46mm大表 苍山灰,5,3***p
23364487081,2025-05-11 10:33:13,给爸爸买来跑步的，运动轨迹能力很好用，对配速路程都监测的很准确。情绪功能第一次尝试还是能分辨出心情好坏。表盘很清晰，没有贴膜。苹果手机也能够连接这块表挺好用的。非常满意。,46mm大表 幻夜黑,5,和***8
23541982404,2025-05-21 12:06:53,一直心心念念的要买块智能手表，之前只戴过手环。为了支持国货才决定买这款手表。包装真的是高大上，做工材质和宣传的一样，操作上手很容易，配置app显得功能强大，当然还没来得及尝试所有功能。整体外观设计大气，防水性能极好，操作灵敏，显示精准，特别值得说的是续航强大，正常使用20天不成问题。其他细节功能还有待慢慢研究。最后还要感谢国补，确实是入手的好时机。,46mm大表 幻夜黑,5,残***影
23482851182,2025-05-17 17:11:02,心心念念的华为gt5终于到了，很有质感，华为的品质一如既往的值得信赖，功能比gt3强大了许多，增加了情绪管理，表盘材质不锈钢+玻璃，硬朗的外观风格，灰色百搭，选择很满意！,46mm大表 苍山灰,5,鲨***鱼
23264219388,2025-05-05 17:07:45,对华为GT5智能手表的使用体验非常满意，特此给予好评。这款手表设计时尚大方，佩戴舒适，无论是日常佩戴还是运动时使用，都能完美融入各种场合。其屏幕显示效果出色，色彩鲜艳且清晰度高，让我能够轻松查看时间、日期以及各类健康监测数据。,46mm大表 苍山灰,5,小***1
23514269298,2025-05-19 22:55:16,"主要功能：功能很齐全，给孩子买的毕业礼物！
续航能力：买回来还没有充电，续航能力很强！
舒适程度：皮带，带上很舒适！
精准程度：收到开始使用，截止今天时间很精准！
灵敏度：触摸灵敏度很高！",46mm大表 幻夜黑,5,j***t
23566552639,2025-05-22 17:40:35,"真的感觉很好，手表的配送速度也很快，使用感上也很顺畅，第一次买手表，感觉好不错，质感也OK，是可以趁着有国补的时候冲一波的，价格也乐观
舒适程度：不累手，重量也OK
灵敏度：也很nice
外形外观：非常帅气",46mm大表 幻夜黑,5,j***r
23481420921,2025-05-17 15:39:44,"主要功能：很齐全是我需要的

续航能力：很不错出差也不用担心
舒适程度：佩戴很舒服，可以调整
精准程度：定位很准确，检测也很准确
准确性：不错
做工质量：很好看，很不错",46mm大表 苍山灰,5,京***爷
23528470073,2025-05-20 22:52:28,"很哇塞
外形外观：到货被外观手感惊艳到了，颜色很高级有质感
做工质量：耐磨抗造适合男人佩戴，老公很喜欢
主要功能：情绪检测功能很好，可观察情绪状态，功能齐全主要可以检测身体状态随时关注健康问题",46mm大表 幻夜黑,5,L***7
23599426295,2025-05-25 16:41:55,体验感超棒！它的外观设计简约大气，表体和表镜都覆盖了超硬镀膜，耐磨能力大幅提升。之前不小心刮到桌角，本以为会有划痕，结果仔细看才发现只有一点轻微痕迹，日常使用完全不用担心磨损。运动涂鸦功能超有趣，我经常在跑步时选择喜欢的涂鸦路线，跟着导航去创作独特图案，让运动不再枯燥。情绪监测功能也很贴心，能随时了解自己的情绪状态，当情绪不好时，还能根据手表的建议进行调节，真的是我的生活小助手。,46mm大表 苍山灰,5,碎***花
23322321876,2025-05-09 07:32:16,新入手的华为GT5，黑色很百搭，材料很高级，日常使用都不会被刮。定位很准，在小区高楼间也能准确还原运动轨迹 。新的情绪健康还是比较准确的，放假前一天愉悦比例高很多。还有运动涂鸦功能，可以使用跑友分享的路线。总之，这个价位还是很值得推荐的,46mm大表 幻夜黑,5,L***F
23467313642,2025-05-16 16:10:10,"昨天下午下单今天早上9:00左右就到货了，物流很给力！
现场激活以后佩戴感觉苍山灰这个颜色真的太惊艳了，之前还纠结要不要选择黑色，灰色很显年轻化适合我；
表盘外观银色也特别漂亮，摸起来手感也很舒服，做工超级棒，也很耐化。其中情绪健康功能也很好用，能检测到我一天的情绪，中午因为工作的时候不开心居然还监测到了！",46mm大表 苍山灰,5,江***n
23597162459,2025-05-25 12:08:56,"主要功能：运动，情绪管理，健康检测
舒适程度：运动模式很棒，离线地图实用！
续航能力：刚拿到，还要再试一下
外形外观：外观无敌高档大气
趁国补入手，香的很😄",46mm大表 幻夜黑,5,T***-
23503570497,2025-05-19 08:34:41,"终于入手了华为WATCH GT 5，用了两天真的超满意！❤首先必须夸夸它的情绪监测功能，表盘会实时显示心情指数，工作压力大时还会提醒我深呼吸，像个小管家一样贴心~ 运动涂鸦功能也超有趣，跑步轨迹能生成彩色涂鸦，分享到朋友圈超多人点赞！  
外观方面，玻璃镜面还是比较耐刮的（日常磕碰无划痕），金属表壳质感高级，搭配各种表带都很时尚续航也很顶，一周一充无压力！  
总之，GT 5绝对是运动+健康管理的全能选手，华为粉闭眼冲！",46mm大表 幻夜黑,5,小***爸
23265453800,2025-05-05 18:40:52,老婆送的GT5，外观很大气，金属机身46mm表盘很帅，看着很有质感，功能齐全顺滑，操作很方便，健康功能和运动功能很完善，可以督促自己运动。表盘可以换很多种风格，很漂亮。还可以检测情绪和心率，相当哇塞。感谢我的好老婆！,46mm大表 幻夜黑,5,j***y
23480395815,2025-05-17 14:36:09,早就想买了，这次赶上活动加国补入手了。主要想运动时监测用，功能挺多了，运动加商务的外观，结实耐用，可以选择表盘主页，国宝图案的情绪监测很好看，今天第二天，运动涂鸦功能手表上就能操作，很加分。,46mm大表 幻夜黑,5,6***f
23212288893,2025-05-02 12:11:59,给老爸买的生日礼物，国补很划算。46mm的表盘很大气，表盘也有很多样式。情绪监测功能还蛮好玩的，还下了心脏监测的，老爸心脏不好，希望能辅助他管理好身体，也能及时提醒异常。他最喜欢能直接接听电话的功能，对钓鱼佬来说很方便。,46mm大表 幻夜黑,5,j***b
23505535551,2025-05-19 10:56:27,新款GT5不错，外观防刮增强，整体防刮更好了，电池也耐用，还有情绪管理，检测每一天心情记录[呲牙]手表与华为手机完美搭配，消息一条不漏，接听，通话都能满足[强],46mm大表 幻夜黑,5,j***毛
23437816740,2025-05-15 11:45:33,"HUAWEI WATCH GT 5使用有感
     入手HUAWEI WATCH GT 5，真的越用越爱！外观设计超时尚，金属表身质感满满，而且很耐刮耐磨，日常佩戴完全不用担心会有划痕 。
    它的情绪监测功能太贴心了！能实时感知我的情绪状态，提醒我适时放松。运动涂鸦功能也超有趣，运动时随手记录运动轨迹，每次回顾都成就感满满。
有了HUAWEI WATCH GT 5，运动和生活都变得更有乐趣，强烈推荐给大家！",46mm大表 苍山灰,5,朱***好
23082471411,2025-04-23 22:49:08,就当个电子表用，至于其他&hellip;&hellip;,46mm大表 幻夜黑,3,j***e
23211662374,2025-05-02 11:21:47,这款手表外观非常惊艳，厚度也没有想的那么厚，自带的情绪管理很不错，智能AI技术加持。表盘也有很多的选择，运动模式比之前更加丰富，游泳佩戴后还可以排水。值的一提的是续航，戴了一上午基本没有耗电。给力。,46mm大表 幻夜黑,5,z***k
23260164388,2025-05-05 11:56:36,"续航能力：充电后很耐用，充完电后17个小时内只掉5格电
外形外观：外观很大方，很漂亮的一款手表
做工质量：做工质量不错，很耐磨
精准程度：在情绪检测这方面非常准确，能检测出我的心理状态
其他特色：运动涂鸦很不错",46mm大表 苍山灰,5,j***s
23348054409,2025-05-10 10:47:27,非常好手表，爱来自华为，带手上我只能说帅的一，情绪检测挺好玩的，当时买的时候一眼看中了托帕蓝，因为工作环境比较恶劣，这手表用着挺好的，用了几天都没划痕什么的，买的膜还没到，暂时用了他的原厂膜,46mm大表 托帕蓝,5,j***o
23257700838,2025-05-05 08:47:55,HUAWEI WATCH GT5太懂运动党了！情绪监测功能超贴心，压力值实时追踪像随身携带&ldquo;心理小助手&rdquo;～亮屏状态下的情绪表盘颜值绝了，搭配运动涂鸦功能，每次自定义表盘都像在创作个性壁纸！表身金属材质耐磨抗刮，健身时不小心磕碰也没留痕迹，颜值与实力兼具，爱了❤️！,46mm大表 幻夜黑,5,童***情
23235204315,2025-05-03 22:19:22,"GT2退休了，最近GT5有活动就立刻入手啦，46mm款更大气，多种表带配色随意换。
 它的情绪监测功能很贴心，基于心率、呼吸率等生理指标推测情绪状态，通过萌宠表盘趣味呈现，还能按月、周、日查看情绪健康摘要，提供呼吸训练。
手表机身上涂有超硬涂层，屏幕也很耐刮耐磨，日常佩戴不用担心刮花。它不仅是一块手表，更是健康生活好帮手，推荐给大家！",46mm大表 幻夜黑,5,大***1
23448850374,2025-05-15 20:55:17,华为手表GT 5，HUAWEI WATCH GT 4迭代款，是一款非常值得购买的智能手表。其外观设计时尚大气，配色低调奢华，非常适合日常佩戴。功能方面也非常丰富，支持多种运动模式和健康监测，对于运动爱好者来说，是一款不可或缺的神器。续航能力也相当不错，能够满足多天的使用需求，无需频繁充电。此外，操作界面简洁直观，容易上手。总的来说，这款手表不仅提升了科技感，还是一款实用性极强的智能穿戴设备。无论是自用还是送礼都是不错的选择！,46mm大表 幻夜黑,5,m***9
23591492696,2025-05-24 19:26:52,"情绪辅助管理：有很多种表盘设计，还能够时刻了解到自己情绪变化，很喜欢！
运动涂鸦：很有意思的功能，各类运动都能时刻监测！
产品外观：黑色外观，商务运动属性双拉满，耐磨防刮。用了国补，性价比高，推荐推荐！",46mm大表 幻夜黑,5,j***i
23294286819,2025-05-07 15:59:02,"华为gt5在
外观：对于我一个男生来说46毫米的更合适，颜色也是在黑色和苍山灰中纠结了很久，最后还是选择了一个自己更喜欢的颜色，在表带设计上亲夫，防滑，长时间佩戴也很舒适。
健康监测：提供了更快，更准，更全面的健康监测能力
运动体验：能够记录详细的运动数据，而且配备了全新的地图导航和涂鸦功能，对于喜欢运动的我来说更加喜欢了，增添了运动中的乐趣
续航能力：虽说没用多久，但是我一直相信华为在这一块从来都没有让我失望",46mm大表 苍山灰,5,f***n
23362742584,2025-05-11 07:25:06,观望了好久，一直喜欢华为gt5这款手表终于下手了，非常的喜欢，佩戴非常的舒适，里面的各种功能非常的好用，特别喜欢那个情绪管理，小熊猫太可爱了，功能也很丰富，价钱还是能接受的，配色齐全,46mm大表 苍山灰,5,y***0
23524909799,2025-05-20 17:11:27,之前一直在用gt3，国补的活动很吸引人就入手了gt5。黑色很炫酷，手表很有分量，看起来很有质感。新增的情绪健康很敏锐，表盘页面也更加丰富，很喜欢💕。,46mm大表 幻夜黑,5,8***a
23185979143,2025-04-30 16:01:40,"外形外观：外观设计很大气，贴合人体，佩戴很舒适。

其他特色：情绪监测这个设计就很好，能精准监测自己情绪，及时调整。还有就是运动涂鸦这个功能简直不要太好好么，晒图必备。
续航能力：有一说一，还是挺不错的",46mm大表 幻夜黑,5,j***f
23564066162,2025-05-22 13:24:41,发货速度快，第二天就收到。时尚大气的外观，无论是运动还是日常生活都很百搭。运动涂鸦为运动增添了趣味。尤其是情绪检测，熊猫的表情太可爱了，为平凡的日子里增添不少乐趣！,46mm大表 幻夜黑,5,j***a
23496697518,2025-05-18 18:29:36,这个手表新配色很好看，华为GT5智能手表延续系列优势，采用轻薄金属机身与高清AMOLED屏，质感出众。两周超长续航支持无线快充，搭载精准心率、血氧、睡眠监测功能，新增科学减脂算法。配合鸿蒙系统流畅交互，外观坚固耐磨，运动涂鸦有趣。,46mm大表 苍山灰,5,n***l
23213337038,2025-05-02 13:38:56,这款表外观非常漂亮👍，表盘设计精美，颜色搭配也很和谐。戴上它很有气质💪，感觉整个人都提升了不少品味。最重要的是，使用起来非常顺手，操作简单易用，功能也很齐全，真的很满意！🌟最最主要功能性特别的好，美观大气,46mm大表 苍山灰,5,u***4
23478355268,2025-05-17 11:10:48,手表新配色好看，质感出众。还有心率、血氧、睡眠监测功能，数据也很准切，搭配上鸿蒙系统也很完美。外观、质感上都很好。而且现在国补优惠也很大值得入手，且快递物流很给力，次日达！,46mm大表 苍山灰,5,林***斯
23312975976,2025-05-08 18:42:52,"华为GT5智能手表外观简约时尚，情绪监测精准贴心，运动涂鸦功能趣味实用，健康管理与科技美学完美融合，值得推荐。
操作难易：操作很简单功能很多
做工质量：做工非常好很耐磨
外形外观：外观很好看
续航能力：续航非常好
其他特色：情绪检测很准确",46mm大表 幻夜黑,5,一***_
23537071419,2025-05-21 08:04:48,"舒适程度：比较舒服，颜色也是喜欢的。
主要功能：功能比较齐全了，运动，情绪，血氧。
续航能力：一晚上消耗电量3%。
外观感觉是比较耐磨的，也很漂亮。
情绪页面是很有意思",46mm大表 砂砾棕,5,h***u
23499756703,2025-05-18 22:17:16,这款手表很满意，佩戴大气，功能多样，还有情绪检测。搭配华为健康管理，可以监测多项身体状态。表盘也是钢材，大气耐磨，不会担心磕碰，还可以安装地图导航等软件。,46mm大表 苍山灰,5,z***望
23359629088,2025-05-10 23:40:19,非常棒的的手表，国补后价格非常有吸引力，情绪健康新功能，值得研究，非常不错，外观时尚，黑色真的很百搭，材质耐磨，一点不用担心刮花，真的很满意，值得推荐！,46mm大表 幻夜黑,5,M***w
23246765873,2025-05-04 15:55:35,"主要功能：心率监测，血氧监测都有，很喜欢这两个功能，心情好不好，一看就知道，这样能控制自己的情绪。
舒适程度：戴着很舒适，没有压迫感
灵敏度：灵敏度很高
操作难易：操作简单易行",46mm大表 幻夜黑,5,2***3
23514171316,2025-05-19 22:43:55,作为一个严肃业余跑友，看了佳明，高驰，最终还是选择了华为！外观设计大气漂亮！功能齐全！心率检测，我配合宜准心率带一块用的，基本一致，运动轨迹地图，配速步频，跑步距离，数值真实可靠，操场跑了10公里，操场距离跟表上距离误差五米，相当可以了，日常生活中的许多小事情，它都可以一表胜任！国补价买的，性价比高！很满意的一次购物，网购还是京东！！！,46mm大表 幻夜黑,5,u***o
23492223030,2025-05-18 12:16:25,"外观工艺：大气上档次，耐磨耐造
情绪监控：动画有趣可爱，较之前作别有趣味
续航能力：目前一天用百分之十左右，看个人使用频率和实际情况吧
运动监控：检测到实际运动情况会自动提醒是否进入，比较智能，晚上散步压马路可以使用运动涂鸦功能，很有意思
各项功能都挺丰富的，体验感不错，买了不亏",46mm大表 苍山灰,5,9***b
23557162099,2025-05-21 21:50:38,手表可太喜欢了！灰色非常好看，表带柔软，表盘凸起看着挺抗磨。本来还纠结表盘大小，没想到46女生戴也超级好看。情绪检测功能很可爱，感觉我能看那个熊猫一整天。非常看好健康监测和运动功能，一定提高利用率。,46mm大表 苍山灰,5,0***z
23294009095,2025-05-07 15:40:20,"情绪监测：GT 5 的情绪监测功能非常实用。它能帮助我实时了解自己的情绪状态，尤其在压力大的时候，提供有效的调节建议，让我在繁忙的生活中保持平衡。
外观设计：手表采用耐刮耐磨的材料，外观设计简洁大方。无论是在商务场合还是日常使用，我都不需要担心磨损问题，始终保持崭新。
运动涂鸦：运动涂鸦功能为我的运动增添了趣味性。每次跑步或骑行时，我都可以记录下自己的运动轨迹和心情，让运动过程更加生动有趣。",46mm大表 幻夜黑,5,l***颖
23592245835,2025-05-24 21:03:18,这款华为智能手表续航强劲，健康监测精准全面，外观时尚百搭且佩戴舒适。76％买家提到续航能力强劲，日常使用一周仅需充电一次；68％买过的人认可健康监测功能全面，涵盖心率、血氧等数据。有买家提到&quot;表盘超多，功能好用，,46mm大表 砂砾棕,5,j***h
23253728177,2025-05-05 01:18:08,"外形外观：新款佩戴上手比我想象中更加好看！
主要功能：情绪监测功能适合我这种暴脾气增强自控能力，哈哈
舒适程度：表带没有异味，材质很软很亲肤，戴起来也很舒服
价格上有国补还很划算，体验总体上来说比我想象要好！",46mm大表 苍山灰,5,j***n
23367322671,2025-05-11 14:32:28,"- 情绪辅助管理：动态熊猫情绪表盘很受欢迎，能将情绪可视化，熊猫形象可爱，可随心情变化呈现不同状态，给用户带来趣味体验，还能一定程度上帮助用户了解自身情绪。
 
- 运动涂鸦：运动时可基于轨迹画出星座路线等图案，支持选择不同图形，增添运动趣味性，提升用户运动积极性。
 
- 功能全面：具备接打电话、读取回复信息、听歌等日常便捷功能，还能时刻检测健康状态、设置提醒 。外观方面，配色时尚，表带材质亲肤，新镀膜耐刮耐磨。",46mm大表 幻夜黑,5,漫***d
23289932548,2025-05-07 10:33:52,华为Watch GT5是一款集时尚与科技于一身的智能手表。在使用过程中，我深感其电池续航能力强大，一次充电可以支持长达两周的使用时间，极大地方便了我的日常生活。同时，它的运动健康监测功能也十分出色，能够准确记录我的心率、血氧饱和度等健康数据。此外，其高清大屏显示效果清晰，操作界面友好易用。总的来说，华为Watch GT5是一款性价比极高的智能手表，无论是日常使用还是健康监测都能满足需求。我强烈推荐给追求高品质生活的消费者。,46mm大表 幻夜黑,5,u***y
23560401571,2025-05-22 07:07:23,之前用的g t r现在g t五搞活动，然后又领了果脯，性价比非常好。这款手表是非常的好用，很喜欢鸿蒙系统就是顺畅丝滑玄机感知系统也是非常的棒，定位也非常精准，操控命令时尚大方，炫酷酷毙了，帅呆了简直太喜欢,46mm大表 幻夜黑,5,念***光
23357795126,2025-05-10 20:38:12,"舒适程度：戴起来非常舒服而且很大气的外观
主要功能：情绪感知表盘可以感知情绪 太可爱了！！ 可以知道自己一天的状态 
还能检测心率 睡眠 质量 支付和出入nfc可很好用 非常喜欢 运动涂鸦也很nice！！
支持国产 我爱华为 哈哈",46mm大表 幻夜黑,5,春***_
23514032009,2025-05-19 22:25:38,入手华为WATCH GT5了，体验超棒！它外观精致，不锈钢表身搭配铝硅玻璃镜面，耐磨耐刮，日常佩戴完全不用担心刮花。情绪监测很实用，能帮我及时发现情绪波动。运动涂鸦也超有趣，给跑步增添不少乐趣，真的爱了！,46mm大表 苍山灰,5,j***c
23164944377,2025-04-29 07:59:00,一开机就提示可以连接手机，不像以前那样需要下载App 才能连接，方便很多。功能也很多，很多要求都能满足，运动佩戴，nice。最主要颜值太高啦，太喜欢了🥰,46mm大表 幻夜黑,5,j***0
23496835722,2025-05-18 18:40:24,"舒适程度：佩戴很舒适，贴合度高
外形外观：配色很漂亮，做工精致，耐刮耐磨
其他特色：情绪健康监测很新颖，能够捕捉心情
灵敏度：鸿蒙5.0灵敏度很高，不错不错",46mm大表 苍山灰,5,j***f
